id,theta,omega,d,l,D,H,lambda,rock_class
S01,60,16,0.84,8,0.05,50,1.45,IV
S02,30,36,1.4,7.6,0.54,96,1.27,IV
S03,15,28,0.77,10.9,0.54,110,1.42,III
S04,15,32,1.15,11.2,0.38,210,0.8,IV
S05,165,22,0.92,3.9,0.12,250,1.31,IV
S06,135,30,1,9,0.5,130,1,IV
S07,60,26,1.74,9.9,0.43,325,1.31,V
S08,30,26,1.63,8.4,0.64,368,0.98,III
S09,180,34,1.23,8.6,0.53,383,0.6,V
S10,45,30,0.54,7.5,0.6,395,1.25,V
S11,30,24,1.72,11.2,0.53,409,1.09,V
S12,165,8,0.34,4.3,0.11,394,0.92,V
S13,15,38,0.75,8,0.52,362,1.32,V
S14,135,28,0.72,10.1,0.25,329,1.14,V
S15,15,20,1.31,3.3,0.24,291,1.12,IV
S16,15,26,1.03,8.2,0.33,231,0.6,IV
S17,135,12,0.44,6,0.56,183,0.6,IV
S18,15,42,0.32,9.7,0.19,147,1.18,IV
S19,45,46,1.21,2.7,0.38,91,1.08,IV
S20,60,10,1.04,8.1,0.53,50,1.1,IV